group,topic,date,msg_id,ioc_type,ioc_value,message_text
–£—Å—Ç—Ä–æ–π—Å—Ç–≤–∞ Sber —Å –∞—Å—Å–∏—Å—Ç–µ–Ω—Ç–æ–º –°–∞–ª—é—Ç,Technologies,2024-03-01 17:08:04,274916,fqdn,sberdevices.ru,https://sberdevices.ru/help/sberboom-mini/start/setup
–£—Å—Ç—Ä–æ–π—Å—Ç–≤–∞ Sber —Å –∞—Å—Å–∏—Å—Ç–µ–Ω—Ç–æ–º –°–∞–ª—é—Ç,Technologies,2024-03-01 17:08:04,274916,url,https://sberdevices.ru/help/sberboom-mini/start/setup,https://sberdevices.ru/help/sberboom-mini/start/setup
–£—Å—Ç—Ä–æ–π—Å—Ç–≤–∞ Sber —Å –∞—Å—Å–∏—Å—Ç–µ–Ω—Ç–æ–º –°–∞–ª—é—Ç,Technologies,2024-03-01 17:33:26,274936,fqdn,sberdevices.ru,https://sberdevices.ru/help/sbertv/sbertv-settings/sbertv-firmware
–£—Å—Ç—Ä–æ–π—Å—Ç–≤–∞ Sber —Å –∞—Å—Å–∏—Å—Ç–µ–Ω—Ç–æ–º –°–∞–ª—é—Ç,Technologies,2024-03-01 17:33:26,274936,url,https://sberdevices.ru/help/sbertv/sbertv-settings/sbertv-firmware,https://sberdevices.ru/help/sbertv/sbertv-settings/sbertv-firmware
–£—Å—Ç—Ä–æ–π—Å—Ç–≤–∞ Sber —Å –∞—Å—Å–∏—Å—Ç–µ–Ω—Ç–æ–º –°–∞–ª—é—Ç,Technologies,2024-03-01 19:54:08,275011,fqdn,sberdevices.ru,–°—Å—ã–ª–∫–∏ –¥–∞–ª–∏ –≤—ã—à–µ. –ù–∞ –≤—Å—è–∫–∏–π —Å–ª—É—á–∞–π –µ—â—ë —Ä–∞–∑ –ø—Ä–æ–¥—É–±–ª–∏—Ä—É–µ–º: https://sberdevices.ru/help/sberboom-mini/troubleshooting/reset
–£—Å—Ç—Ä–æ–π—Å—Ç–≤–∞ Sber —Å –∞—Å—Å–∏—Å—Ç–µ–Ω—Ç–æ–º –°–∞–ª—é—Ç,Technologies,2024-03-01 19:54:08,275011,url,https://sberdevices.ru/help/sberboom-mini/troubleshooting/reset,–°—Å—ã–ª–∫–∏ –¥–∞–ª–∏ –≤—ã—à–µ. –ù–∞ –≤—Å—è–∫–∏–π —Å–ª—É—á–∞–π –µ—â—ë —Ä–∞–∑ –ø—Ä–æ–¥—É–±–ª–∏—Ä—É–µ–º: https://sberdevices.ru/help/sberboom-mini/troubleshooting/reset
–£—Å—Ç—Ä–æ–π—Å—Ç–≤–∞ Sber —Å –∞—Å—Å–∏—Å—Ç–µ–Ω—Ç–æ–º –°–∞–ª—é—Ç,Technologies,2024-03-02 01:16:57,275057,fqdn,sberdevices.ru,"–ó–∞–∫–∞–∑ –æ—Ñ–æ—Ä–º–ª—è–ª–∏ –Ω–∞ —Å–∞–π—Ç–µ https://sberdevices.ru/ ? –ï—Å–ª–∏ —Ç–∞–∫, —Ä–µ–∫–æ–º–µ–Ω–¥—É–µ–º –ø—Ä–æ–≤–µ—Ä–∏—Ç—å –ø–∞–ø–∫—É ""–°–ø–∞–º"""
–£—Å—Ç—Ä–æ–π—Å—Ç–≤–∞ Sber —Å –∞—Å—Å–∏—Å—Ç–µ–Ω—Ç–æ–º –°–∞–ª—é—Ç,Technologies,2024-03-02 01:16:57,275057,url,https://sberdevices.ru,"–ó–∞–∫–∞–∑ –æ—Ñ–æ—Ä–º–ª—è–ª–∏ –Ω–∞ —Å–∞–π—Ç–µ https://sberdevices.ru/ ? –ï—Å–ª–∏ —Ç–∞–∫, —Ä–µ–∫–æ–º–µ–Ω–¥—É–µ–º –ø—Ä–æ–≤–µ—Ä–∏—Ç—å –ø–∞–ø–∫—É ""–°–ø–∞–º"""
–£—Å—Ç—Ä–æ–π—Å—Ç–≤–∞ Sber —Å –∞—Å—Å–∏—Å—Ç–µ–Ω—Ç–æ–º –°–∞–ª—é—Ç,Technologies,2024-03-02 05:57:42,275104,fqdn,androidtvbox.ru,"–ï—Å—Ç—å –∏ –±–µ—Å–ø–ª–∞—Ç–Ω—ã–π –ø—Ä–æ—Å–º–æ—Ç—Ä –∫–∞–Ω–∞–ª–æ–≤ –õ–∞–π—Ç –ùD, Lampa-–Ω–æ –µ–µ –Ω–∞–¥–æ –Ω–∞—Å—Ç—Ä–∞–∏–≤–∞—Ç—å, –∏–∑ –ø–ª–∞—Ç–Ω—ã—Ö —Ç–∞–∫ –∂–µ –µ—Å—Ç—å Kion. –í–æ—Ç –∫—Å—Ç–∞—Ç–µ —Å–ø–∏—Å–æ–∫ –ø—Ä–æ–≥—Ä–∞–º–º –¥–æ—è –ø—Ä–æ—Å–º–æ—Ç—Ä–∞ –¢–≤ 
https://androidtvbox.ru/category/tv-i-radio/"
–£—Å—Ç—Ä–æ–π—Å—Ç–≤–∞ Sber —Å –∞—Å—Å–∏—Å—Ç–µ–Ω—Ç–æ–º –°–∞–ª—é—Ç,Technologies,2024-03-02 05:57:42,275104,url,https://androidtvbox.ru/category/tv-i-radio/,"–ï—Å—Ç—å –∏ –±–µ—Å–ø–ª–∞—Ç–Ω—ã–π –ø—Ä–æ—Å–º–æ—Ç—Ä –∫–∞–Ω–∞–ª–æ–≤ –õ–∞–π—Ç –ùD, Lampa-–Ω–æ –µ–µ –Ω–∞–¥–æ –Ω–∞—Å—Ç—Ä–∞–∏–≤–∞—Ç—å, –∏–∑ –ø–ª–∞—Ç–Ω—ã—Ö —Ç–∞–∫ –∂–µ –µ—Å—Ç—å Kion. –í–æ—Ç –∫—Å—Ç–∞—Ç–µ —Å–ø–∏—Å–æ–∫ –ø—Ä–æ–≥—Ä–∞–º–º –¥–æ—è –ø—Ä–æ—Å–º–æ—Ç—Ä–∞ –¢–≤ 
https://androidtvbox.ru/category/tv-i-radio/"
–£—Å—Ç—Ä–æ–π—Å—Ç–≤–∞ Sber —Å –∞—Å—Å–∏—Å—Ç–µ–Ω—Ç–æ–º –°–∞–ª—é—Ç,Technologies,2024-03-02 09:22:19,275208,fqdn,t.me,–û—Ç–≤–µ—Ç–∏–ª–∏ –≤–∞–º –≤—ã—à–µ: https://t.me/sberdevices_chat/275177
–£—Å—Ç—Ä–æ–π—Å—Ç–≤–∞ Sber —Å –∞—Å—Å–∏—Å—Ç–µ–Ω—Ç–æ–º –°–∞–ª—é—Ç,Technologies,2024-03-02 09:22:19,275208,telegramHandle,sberdevices_chat,–û—Ç–≤–µ—Ç–∏–ª–∏ –≤–∞–º –≤—ã—à–µ: https://t.me/sberdevices_chat/275177
–£—Å—Ç—Ä–æ–π—Å—Ç–≤–∞ Sber —Å –∞—Å—Å–∏—Å—Ç–µ–Ω—Ç–æ–º –°–∞–ª—é—Ç,Technologies,2024-03-02 09:22:19,275208,url,https://t.me/sberdevices_chat/275177,–û—Ç–≤–µ—Ç–∏–ª–∏ –≤–∞–º –≤—ã—à–µ: https://t.me/sberdevices_chat/275177
–£—Å—Ç—Ä–æ–π—Å—Ç–≤–∞ Sber —Å –∞—Å—Å–∏—Å—Ç–µ–Ω—Ç–æ–º –°–∞–ª—é—Ç,Technologies,2024-03-02 10:10:24,275257,fqdn,t.me,"–ù–µ—Ç, –º—ã –Ω–∞–ø–∏—Å–∞–ª–∏, –≤—ã—à–µ (https://t.me/sberdevices_chat/275245), —á—Ç–æ —É–∫–∞–∑–∞–Ω–Ω—ã–π –≤–∞–º–∏ —á–∞—Ç –∫ –Ω–∞–º –Ω–µ –æ—Ç–Ω–æ—Å–∏—Ç—Å—è, —ç—Ç–æ —Ñ–µ–π–∫–æ–≤—ã–π –∞–∫–∫–∞—É–Ω—Ç.
–ù–µ —Ä–µ–∫–æ–º–µ–Ω–¥—É–µ–º –ø–µ—Ä–µ—Ö–æ–¥–∏—Ç—å –ø–æ —Å—Å—ã–ª–∫–∞–º –∏ –æ—Ç–ø—Ä–∞–≤–ª—è—Ç—å —Å–≤–æ–∏ –¥–∞–Ω–Ω—ã–µ"
–£—Å—Ç—Ä–æ–π—Å—Ç–≤–∞ Sber —Å –∞—Å—Å–∏—Å—Ç–µ–Ω—Ç–æ–º –°–∞–ª—é—Ç,Technologies,2024-03-02 10:10:24,275257,telegramHandle,sberdevices_chat,"–ù–µ—Ç, –º—ã –Ω–∞–ø–∏—Å–∞–ª–∏, –≤—ã—à–µ (https://t.me/sberdevices_chat/275245), —á—Ç–æ —É–∫–∞–∑–∞–Ω–Ω—ã–π –≤–∞–º–∏ —á–∞—Ç –∫ –Ω–∞–º –Ω–µ –æ—Ç–Ω–æ—Å–∏—Ç—Å—è, —ç—Ç–æ —Ñ–µ–π–∫–æ–≤—ã–π –∞–∫–∫–∞—É–Ω—Ç.
–ù–µ —Ä–µ–∫–æ–º–µ–Ω–¥—É–µ–º –ø–µ—Ä–µ—Ö–æ–¥–∏—Ç—å –ø–æ —Å—Å—ã–ª–∫–∞–º –∏ –æ—Ç–ø—Ä–∞–≤–ª—è—Ç—å —Å–≤–æ–∏ –¥–∞–Ω–Ω—ã–µ"
–£—Å—Ç—Ä–æ–π—Å—Ç–≤–∞ Sber —Å –∞—Å—Å–∏—Å—Ç–µ–Ω—Ç–æ–º –°–∞–ª—é—Ç,Technologies,2024-03-02 10:10:24,275257,url,https://t.me/sberdevices_chat/275245,"–ù–µ—Ç, –º—ã –Ω–∞–ø–∏—Å–∞–ª–∏, –≤—ã—à–µ (https://t.me/sberdevices_chat/275245), —á—Ç–æ —É–∫–∞–∑–∞–Ω–Ω—ã–π –≤–∞–º–∏ —á–∞—Ç –∫ –Ω–∞–º –Ω–µ –æ—Ç–Ω–æ—Å–∏—Ç—Å—è, —ç—Ç–æ —Ñ–µ–π–∫–æ–≤—ã–π –∞–∫–∫–∞—É–Ω—Ç.
–ù–µ —Ä–µ–∫–æ–º–µ–Ω–¥—É–µ–º –ø–µ—Ä–µ—Ö–æ–¥–∏—Ç—å –ø–æ —Å—Å—ã–ª–∫–∞–º –∏ –æ—Ç–ø—Ä–∞–≤–ª—è—Ç—å —Å–≤–æ–∏ –¥–∞–Ω–Ω—ã–µ"
–£—Å—Ç—Ä–æ–π—Å—Ç–≤–∞ Sber —Å –∞—Å—Å–∏—Å—Ç–µ–Ω—Ç–æ–º –°–∞–ª—é—Ç,Technologies,2024-03-02 10:45:55,275277,fqdn,sberdevices.ru,–ó–¥—Ä–∞–≤—Å—Ç–≤—É–π—Ç–µ! –ü–æ—Å–º–æ—Ç—Ä–µ—Ç—å –∞–¥—Ä–µ—Å–∞ –ê–°–¶ –º–æ–∂–Ω–æ –Ω–∞ —Å–∞–π—Ç–µ: https://sberdevices.ru/help/service-center/
–£—Å—Ç—Ä–æ–π—Å—Ç–≤–∞ Sber —Å –∞—Å—Å–∏—Å—Ç–µ–Ω—Ç–æ–º –°–∞–ª—é—Ç,Technologies,2024-03-02 10:45:55,275277,url,https://sberdevices.ru/help/service-center/,–ó–¥—Ä–∞–≤—Å—Ç–≤—É–π—Ç–µ! –ü–æ—Å–º–æ—Ç—Ä–µ—Ç—å –∞–¥—Ä–µ—Å–∞ –ê–°–¶ –º–æ–∂–Ω–æ –Ω–∞ —Å–∞–π—Ç–µ: https://sberdevices.ru/help/service-center/
–£—Å—Ç—Ä–æ–π—Å—Ç–≤–∞ Sber —Å –∞—Å—Å–∏—Å—Ç–µ–Ω—Ç–æ–º –°–∞–ª—é—Ç,Technologies,2024-03-02 16:04:16,275439,fqdn,activation.sber.ru,–ó–¥—Ä–∞–≤—Å—Ç–≤—É–π—Ç–µ. –ù–∞–¥ —ç—Ç–∏–º —Ä–∞–±–æ—Ç–∞–µ–º üëå –ü–æ–∫–∞ —Ä–µ–∫–æ–º–µ–Ω–¥—É–µ–º –ø–æ–ª—å–∑–æ–≤–∞—Ç—å—Å—è —Å–∞–π—Ç–æ–º https://activation.sber.ru/ –∏–ª–∏ –°–±–µ—Ä–ë–∞–Ω–∫ –û–Ω–ª–∞–π–Ω –¥–ª—è —É–ø—Ä–∞–≤–ª–µ–Ω–∏—è –Ω–∞—à–∏–º–∏ —É—Å—Ç—Ä–æ–π—Å—Ç–≤–∞–º–∏
–£—Å—Ç—Ä–æ–π—Å—Ç–≤–∞ Sber —Å –∞—Å—Å–∏—Å—Ç–µ–Ω—Ç–æ–º –°–∞–ª—é—Ç,Technologies,2024-03-02 16:04:16,275439,url,https://activation.sber.ru,–ó–¥—Ä–∞–≤—Å—Ç–≤—É–π—Ç–µ. –ù–∞–¥ —ç—Ç–∏–º —Ä–∞–±–æ—Ç–∞–µ–º üëå –ü–æ–∫–∞ —Ä–µ–∫–æ–º–µ–Ω–¥—É–µ–º –ø–æ–ª—å–∑–æ–≤–∞—Ç—å—Å—è —Å–∞–π—Ç–æ–º https://activation.sber.ru/ –∏–ª–∏ –°–±–µ—Ä–ë–∞–Ω–∫ –û–Ω–ª–∞–π–Ω –¥–ª—è —É–ø—Ä–∞–≤–ª–µ–Ω–∏—è –Ω–∞—à–∏–º–∏ —É—Å—Ç—Ä–æ–π—Å—Ç–≤–∞–º–∏
–£—Å—Ç—Ä–æ–π—Å—Ç–≤–∞ Sber —Å –∞—Å—Å–∏—Å—Ç–µ–Ω—Ç–æ–º –°–∞–ª—é—Ç,Technologies,2024-03-02 19:44:58,275599,fqdn,activation.sber.ru,–ü—Ä–æ–≤–µ—Ä—å—Ç–µ –ø–æ–¥–∫–ª—é—á–µ–Ω–∏–µ –∫ –∏–Ω—Ç–µ—Ä–Ω–µ—Ç—É –Ω–∞ —É—Å—Ç—Ä–æ–π—Å—Ç–≤–µ –∏ —Ç–µ–ª–µ—Ñ–æ–Ω–µ. –û—Ç–∫–ª—é—á–∏—Ç–µ –¢–í –æ—Ç —Å–µ—Ç–∏ –Ω–∞ 30 —Å–µ–∫—É–Ω–¥ –∏ –≤–∫–ª—é—á–∏—Ç–µ —Å–Ω–æ–≤–∞. –ü–æ–ø—Ä–æ–±—É–π—Ç–µ –∞–∫—Ç–∏–≤–∏—Ä–æ–≤–∞—Ç—å –Ω–∞ —Å–∞–π—Ç–µ activation.sber.ru
–£—Å—Ç—Ä–æ–π—Å—Ç–≤–∞ Sber —Å –∞—Å—Å–∏—Å—Ç–µ–Ω—Ç–æ–º –°–∞–ª—é—Ç,Technologies,2024-03-03 05:44:15,275713,fqdn,wi.fi,"–ó–¥—Ä–∞–≤—Å—Ç–≤—É–π—Ç–µ, —É–µ–∑–∂–∞–ª–∏ –∏ –∫–æ–ª–æ–Ω–∫—É —Å–±–µ—Ä.–±—É–º –æ—Ç–∫–ª—é—á–∞–ª–∏ –æ—Ç —Å–µ—Ç–∏. –ü–æ–¥–∫–ª—é—á–∏–ª–∏ –æ–±—Ä–∞—Ç–Ω–æ –≥–æ–≤–æ—Ä–∏—Ç –æ—É –ø—Ä–æ–±–ª–µ–º—ã —Å –∏–Ω—Ç–µ—Ä–Ω–µ—Ç–æ–º. –†–∞–∑—Ä—ã–≤–∞–ª–∏ –ø–∞—Ä—É, —Å–±—Ä–∞—Å—ã–≤–∞–ª–∏ –¥–æ –∑–∞–≤–æ–¥—Å–∫–∏—Ö –Ω–µ —Ä–∞–±–æ—Ç–∞–µ—Ç. –ù–∞ –¥–æ–º–∞—à–Ω–∏—Ö —É—Å—Ç—Ä–æ–π—Å—Ç–≤–∞—Ö wi.fi —Ä–∞–±–æ—Ç–∞–µ—Ç"
–£—Å—Ç—Ä–æ–π—Å—Ç–≤–∞ Sber —Å –∞—Å—Å–∏—Å—Ç–µ–Ω—Ç–æ–º –°–∞–ª—é—Ç,Technologies,2024-03-03 05:46:45,275716,fqdn,wi.fi,–ö wi.fi
–£—Å—Ç—Ä–æ–π—Å—Ç–≤–∞ Sber —Å –∞—Å—Å–∏—Å—Ç–µ–Ω—Ç–æ–º –°–∞–ª—é—Ç,Technologies,2024-03-03 06:44:36,275772,fqdn,sberdevices.ru,–ò–Ω—Å—Ç—Ä—É–∫—Ü–∏—è –ø–æ —Å–±—Ä–æ—Å—É –Ω–∞—Å—Ç—Ä–æ–µ–∫ –∑–¥–µ—Å—å: https://sberdevices.ru/help/sberboom-mini/troubleshooting/reset
–£—Å—Ç—Ä–æ–π—Å—Ç–≤–∞ Sber —Å –∞—Å—Å–∏—Å—Ç–µ–Ω—Ç–æ–º –°–∞–ª—é—Ç,Technologies,2024-03-03 06:44:36,275772,url,https://sberdevices.ru/help/sberboom-mini/troubleshooting/reset,–ò–Ω—Å—Ç—Ä—É–∫—Ü–∏—è –ø–æ —Å–±—Ä–æ—Å—É –Ω–∞—Å—Ç—Ä–æ–µ–∫ –∑–¥–µ—Å—å: https://sberdevices.ru/help/sberboom-mini/troubleshooting/reset
–£—Å—Ç—Ä–æ–π—Å—Ç–≤–∞ Sber —Å –∞—Å—Å–∏—Å—Ç–µ–Ω—Ç–æ–º –°–∞–ª—é—Ç,Technologies,2024-03-03 14:24:59,276020,fqdn,t.me,–û—Ç–≤–µ—Ç–∏–ª–∏ –≤–∞–º –≤—ã—à–µ: https://t.me/sberdevices_chat/275911
–£—Å—Ç—Ä–æ–π—Å—Ç–≤–∞ Sber —Å –∞—Å—Å–∏—Å—Ç–µ–Ω—Ç–æ–º –°–∞–ª—é—Ç,Technologies,2024-03-03 14:24:59,276020,telegramHandle,sberdevices_chat,–û—Ç–≤–µ—Ç–∏–ª–∏ –≤–∞–º –≤—ã—à–µ: https://t.me/sberdevices_chat/275911
–£—Å—Ç—Ä–æ–π—Å—Ç–≤–∞ Sber —Å –∞—Å—Å–∏—Å—Ç–µ–Ω—Ç–æ–º –°–∞–ª—é—Ç,Technologies,2024-03-03 14:24:59,276020,url,https://t.me/sberdevices_chat/275911,–û—Ç–≤–µ—Ç–∏–ª–∏ –≤–∞–º –≤—ã—à–µ: https://t.me/sberdevices_chat/275911
–£—Å—Ç—Ä–æ–π—Å—Ç–≤–∞ Sber —Å –∞—Å—Å–∏—Å—Ç–µ–Ω—Ç–æ–º –°–∞–ª—é—Ç,Technologies,2024-03-03 18:15:50,276160,fqdn,t.me,–û—Ç–≤–µ—Ç–∏–ª–∏ –≤–∞–º —Ç—É—Ç: https://t.me/sberdevices_chat/276149
–£—Å—Ç—Ä–æ–π—Å—Ç–≤–∞ Sber —Å –∞—Å—Å–∏—Å—Ç–µ–Ω—Ç–æ–º –°–∞–ª—é—Ç,Technologies,2024-03-03 18:15:50,276160,telegramHandle,sberdevices_chat,–û—Ç–≤–µ—Ç–∏–ª–∏ –≤–∞–º —Ç—É—Ç: https://t.me/sberdevices_chat/276149
–£—Å—Ç—Ä–æ–π—Å—Ç–≤–∞ Sber —Å –∞—Å—Å–∏—Å—Ç–µ–Ω—Ç–æ–º –°–∞–ª—é—Ç,Technologies,2024-03-03 18:15:50,276160,url,https://t.me/sberdevices_chat/276149,–û—Ç–≤–µ—Ç–∏–ª–∏ –≤–∞–º —Ç—É—Ç: https://t.me/sberdevices_chat/276149
–£—Å—Ç—Ä–æ–π—Å—Ç–≤–∞ Sber —Å –∞—Å—Å–∏—Å—Ç–µ–Ω—Ç–æ–º –°–∞–ª—é—Ç,Technologies,2024-03-04 02:48:11,276324,fqdn,sberdevices.ru,"–ò–Ω—Å—Ç—Ä—É–∫—Ü–∏—é –ø—Ä–∏–ª–æ–∂–∏–ª–∏ –≤ –ø—Ä–µ–¥—ã–¥—É—â–µ–º –æ—Ç–≤–µ—Ç–µ, –≤–æ—Ç https://sberdevices.ru/help/sberbox/sberbox-troubleshooting/sberbox-reset/?utm_source=tgsupport"
–£—Å—Ç—Ä–æ–π—Å—Ç–≤–∞ Sber —Å –∞—Å—Å–∏—Å—Ç–µ–Ω—Ç–æ–º –°–∞–ª—é—Ç,Technologies,2024-03-04 02:48:11,276324,url,https://sberdevices.ru/help/sberbox/sberbox-troubleshooting/sberbox-reset/?utm_source=tgsupport,"–ò–Ω—Å—Ç—Ä—É–∫—Ü–∏—é –ø—Ä–∏–ª–æ–∂–∏–ª–∏ –≤ –ø—Ä–µ–¥—ã–¥—É—â–µ–º –æ—Ç–≤–µ—Ç–µ, –≤–æ—Ç https://sberdevices.ru/help/sberbox/sberbox-troubleshooting/sberbox-reset/?utm_source=tgsupport"
–£—Å—Ç—Ä–æ–π—Å—Ç–≤–∞ Sber —Å –∞—Å—Å–∏—Å—Ç–µ–Ω—Ç–æ–º –°–∞–ª—é—Ç,Technologies,2024-03-04 10:33:14,276427,fqdn,activation.sber.ru,"–ó–¥—Ä–∞–≤—Å—Ç–≤—É–π—Ç–µ, –∫—É–ø–∏–ª —É–º–Ω—É—é –ª–µ–Ω—Ç—É –∏ —Ö–æ—Ç–µ–ª–æ—Å—å –±—ã —É–ø—Ä–∞–≤–ª—è—Ç—å –µ—ë —Å–æ—Å—Ç–æ—è–Ω–∏–µ–º —á–µ—Ä–µ–∑ API-–∑–∞–ø—Ä–æ—Å—ã –Ω–∞–ø–æ–¥–æ–±–∏–µ https://activation.sber.ru:8080/gateway/v1/devices/<device_id>/state. 

–ö–∞–∫ —è –ø–æ–Ω—è–ª, —ç—Ç–æ –Ω–µ –ø—É–±–ª–∏—á–Ω–æ–µ API –∏ –∏–∑ —ç—Ç–æ–≥–æ –≤—ã—Ö–æ–¥–∏—Ç, —á—Ç–æ –Ω–µ—Ç –æ—Ñ–∏—Ü–∏–∞–ª—å–Ω–æ–≥–æ —Å–ø–æ—Å–æ–±–∞ —ç—Ç–æ –¥–µ–ª–∞—Ç—å?"
–£—Å—Ç—Ä–æ–π—Å—Ç–≤–∞ Sber —Å –∞—Å—Å–∏—Å—Ç–µ–Ω—Ç–æ–º –°–∞–ª—é—Ç,Technologies,2024-03-04 10:33:14,276427,url,https://activation.sber.ru:8080/gateway/v1/devices/,"–ó–¥—Ä–∞–≤—Å—Ç–≤—É–π—Ç–µ, –∫—É–ø–∏–ª —É–º–Ω—É—é –ª–µ–Ω—Ç—É –∏ —Ö–æ—Ç–µ–ª–æ—Å—å –±—ã —É–ø—Ä–∞–≤–ª—è—Ç—å –µ—ë —Å–æ—Å—Ç–æ—è–Ω–∏–µ–º —á–µ—Ä–µ–∑ API-–∑–∞–ø—Ä–æ—Å—ã –Ω–∞–ø–æ–¥–æ–±–∏–µ https://activation.sber.ru:8080/gateway/v1/devices/<device_id>/state. 

–ö–∞–∫ —è –ø–æ–Ω—è–ª, —ç—Ç–æ –Ω–µ –ø—É–±–ª–∏—á–Ω–æ–µ API –∏ –∏–∑ —ç—Ç–æ–≥–æ –≤—ã—Ö–æ–¥–∏—Ç, —á—Ç–æ –Ω–µ—Ç –æ—Ñ–∏—Ü–∏–∞–ª—å–Ω–æ–≥–æ —Å–ø–æ—Å–æ–±–∞ —ç—Ç–æ –¥–µ–ª–∞—Ç—å?"
–£—Å—Ç—Ä–æ–π—Å—Ç–≤–∞ Sber —Å –∞—Å—Å–∏—Å—Ç–µ–Ω—Ç–æ–º –°–∞–ª—é—Ç,Technologies,2024-03-04 11:20:13,276445,fqdn,google.com,"–ó–¥—Ä–∞–≤—Å—Ç–≤—É–π—Ç–µ. –°–∫–∞–∂–∏—Ç–µ –∞—Å—Å–∏—Å—Ç–µ–Ω—Ç—É ""–û—Ç–∫—Ä–æ–π –±—Ä–∞—É–∑–µ—Ä"". –í–Ω—É—Ç—Ä–∏ –±—Ä–∞—É–∑–µ—Ä–∞ –º–æ–∂–µ—Ç–µ –æ—Ç–∫—Ä—ã—Ç—å —Å–∞–π—Ç google.com –∏–ª–∏ –ª—é–±–æ–π, –∫–æ—Ç–æ—Ä—ã–π –ø–æ–∂–µ–ª–∞–µ—Ç–µ"
–£—Å—Ç—Ä–æ–π—Å—Ç–≤–∞ Sber —Å –∞—Å—Å–∏—Å—Ç–µ–Ω—Ç–æ–º –°–∞–ª—é—Ç,Technologies,2024-03-04 12:19:16,276482,fqdn,www.cnews.ru,https://www.cnews.ru/news/top/2024-03-04_pretsedentkrupnyj_rossijskij
–£—Å—Ç—Ä–æ–π—Å—Ç–≤–∞ Sber —Å –∞—Å—Å–∏—Å—Ç–µ–Ω—Ç–æ–º –°–∞–ª—é—Ç,Technologies,2024-03-04 12:19:16,276482,url,https://www.cnews.ru/news/top/2024-03-04_pretsedentkrupnyj_rossijskij,https://www.cnews.ru/news/top/2024-03-04_pretsedentkrupnyj_rossijskij
–£—Å—Ç—Ä–æ–π—Å—Ç–≤–∞ Sber —Å –∞—Å—Å–∏—Å—Ç–µ–Ω—Ç–æ–º –°–∞–ª—é—Ç,Technologies,2024-03-04 12:55:00,276491,fqdn,activation.sber.ru,–ó–¥—Ä–∞–≤—Å—Ç–≤—É–π—Ç–µ. –ù–∞ Android –ø—Ä–∏–ª–æ–∂–µ–Ω–∏–µ –°–∞–ª—é—Ç. –ù–∞ iOS —Å–∞–π—Ç activation.sber.ru
–£—Å—Ç—Ä–æ–π—Å—Ç–≤–∞ Sber —Å –∞—Å—Å–∏—Å—Ç–µ–Ω—Ç–æ–º –°–∞–ª—é—Ç,Technologies,2024-03-05 00:04:26,276730,fqdn,pikabu.ru,https://pikabu.ru/story/s_novoy_proshivkoy_sber_ponizil_razreshenie_svoikh_televizorov_11192268?utm_source=andlinkshare&utm_medium=sharing
–£—Å—Ç—Ä–æ–π—Å—Ç–≤–∞ Sber —Å –∞—Å—Å–∏—Å—Ç–µ–Ω—Ç–æ–º –°–∞–ª—é—Ç,Technologies,2024-03-05 00:04:26,276730,url,https://pikabu.ru/story/s_novoy_proshivkoy_sber_ponizil_razreshenie_svoikh_televizorov_11192268?utm_source=andlinkshare&utm_medium=sharing,https://pikabu.ru/story/s_novoy_proshivkoy_sber_ponizil_razreshenie_svoikh_televizorov_11192268?utm_source=andlinkshare&utm_medium=sharing
–£—Å—Ç—Ä–æ–π—Å—Ç–≤–∞ Sber —Å –∞—Å—Å–∏—Å—Ç–µ–Ω—Ç–æ–º –°–∞–ª—é—Ç,Technologies,2024-03-05 03:19:05,276748,fqdn,activation.sber.ru,"–ó–¥—Ä–∞–≤—Å—Ç–≤—É–π—Ç–µ. –ü—Ä–æ–≤–µ—Ä—å—Ç–µ –ø–æ–¥–∫–ª—é—á–µ–Ω–∏–µ –∫ –∏–Ω—Ç–µ—Ä–Ω–µ—Ç—É –Ω–∞ –¢–í –∏ —Ç–µ–ª–µ—Ñ–æ–Ω–µ, –ø–µ—Ä–µ–∑–∞–≥—Ä—É–∑–∏—Ç–µ Wi-Fi —Ä–æ—É—Ç–µ—Ä (–µ—Å–ª–∏ –∏—Å–ø–æ–ª—å–∑—É–µ—Ç—Å—è). –£–±–µ–¥–∏—Ç–µ—Å—å, —á—Ç–æ –ø—Ä–∏–ª–æ–∂–µ–Ω–∏–µ –°–∞–ª—é—Ç –æ–±–Ω–æ–≤–ª–µ–Ω–æ –¥–æ –ø–æ—Å–ª–µ–¥–Ω–µ–π –≤–µ—Ä—Å–∏–∏. –¢–∞–∫–∂–µ –ø–æ–ø—Ä–æ–±—É–π—Ç–µ –∞–∫—Ç–∏–≤–∏—Ä–æ–≤–∞—Ç—å –¢–í —á–µ—Ä–µ–∑ —Å–∞–π—Ç https://activation.sber.ru/"
–£—Å—Ç—Ä–æ–π—Å—Ç–≤–∞ Sber —Å –∞—Å—Å–∏—Å—Ç–µ–Ω—Ç–æ–º –°–∞–ª—é—Ç,Technologies,2024-03-05 03:19:05,276748,url,https://activation.sber.ru,"–ó–¥—Ä–∞–≤—Å—Ç–≤—É–π—Ç–µ. –ü—Ä–æ–≤–µ—Ä—å—Ç–µ –ø–æ–¥–∫–ª—é—á–µ–Ω–∏–µ –∫ –∏–Ω—Ç–µ—Ä–Ω–µ—Ç—É –Ω–∞ –¢–í –∏ —Ç–µ–ª–µ—Ñ–æ–Ω–µ, –ø–µ—Ä–µ–∑–∞–≥—Ä—É–∑–∏—Ç–µ Wi-Fi —Ä–æ—É—Ç–µ—Ä (–µ—Å–ª–∏ –∏—Å–ø–æ–ª—å–∑—É–µ—Ç—Å—è). –£–±–µ–¥–∏—Ç–µ—Å—å, —á—Ç–æ –ø—Ä–∏–ª–æ–∂–µ–Ω–∏–µ –°–∞–ª—é—Ç –æ–±–Ω–æ–≤–ª–µ–Ω–æ –¥–æ –ø–æ—Å–ª–µ–¥–Ω–µ–π –≤–µ—Ä—Å–∏–∏. –¢–∞–∫–∂–µ –ø–æ–ø—Ä–æ–±—É–π—Ç–µ –∞–∫—Ç–∏–≤–∏—Ä–æ–≤–∞—Ç—å –¢–í —á–µ—Ä–µ–∑ —Å–∞–π—Ç https://activation.sber.ru/"
